,City,Cloudiness,Country,Date,Humidity,Temp,Lat,Lng,Wind Speed
0,hobart,75,AU,1581624394,87,61.0,-42.88,147.33,5.82
1,georgetown,20,MY,1581624603,88,80.6,5.41,100.34,2.73
2,misratah,100,LY,1581624376,73,61.7,32.38,15.09,2.95
3,tual,74,ID,1581624427,78,82.89,-5.67,132.75,11.03
4,yellowknife,90,CA,1581624437,76,-2.0,62.46,-114.35,9.17
5,cape town,7,ZA,1581624577,88,72.0,-33.93,18.42,10.29
6,ahipara,100,NZ,1581624622,100,68.0,-35.17,173.17,8.01
7,ushuaia,40,AR,1581624600,47,59.0,-54.8,-68.3,19.46
8,banda aceh,100,ID,1581624623,86,75.06,5.56,95.32,2.84
9,altay,0,CN,1581624623,42,11.68,47.87,88.12,4.94
10,tuktoyaktuk,20,CA,1581624623,72,-40.0,69.45,-133.04,8.05
11,benito juarez,20,MX,1581624623,30,80.6,19.39,-99.17,3.15
12,hermanus,34,ZA,1581624624,90,68.0,-34.42,19.23,1.01
13,jamestown,90,US,1581624624,80,33.8,42.1,-79.24,9.17
14,rikitea,100,PF,1581624624,75,78.75,-23.12,-134.97,15.19
15,wasilla,75,US,1581624625,61,19.0,61.58,-149.44,4.7
16,lompoc,1,US,1581624540,71,64.0,34.64,-120.46,4.7
17,kapaa,20,US,1581624626,65,77.0,22.08,-159.32,3.36
18,coruripe,100,BR,1581624626,79,81.25,-10.13,-36.18,12.28
19,atuona,1,PF,1581624626,79,80.38,-9.8,-139.03,14.2
20,iracoubo,46,GF,1581624627,76,78.98,5.48,-53.2,17.07
21,albany,90,US,1581624627,90,37.99,42.6,-73.97,12.75
22,kyra,0,RU,1581624627,87,-10.55,49.58,111.98,5.1
23,barrow,1,US,1581624628,73,-29.2,71.29,-156.79,6.93
24,wuwei,95,CN,1581624628,44,16.45,37.93,102.64,6.4
25,saint-philippe,100,RE,1581624628,74,80.6,-21.36,55.77,4.7
26,faanui,0,PF,1581624628,75,82.11,-16.48,-151.75,13.29
27,codrington,100,AU,1581624629,93,65.91,-38.27,141.97,11.63
28,vardo,0,NO,1581624629,70,19.4,70.37,31.11,28.86
29,busselton,14,AU,1581624629,52,69.01,-33.65,115.33,12.88
30,san patricio,5,MX,1581624630,66,84.2,19.22,-104.7,11.41
31,el retorno,86,CO,1581624630,40,92.53,2.33,-72.63,4.83
32,olafsvik,100,IS,1581624630,75,25.34,64.89,-23.71,27.22
33,maraba,40,BR,1581624631,56,93.2,-5.37,-49.12,4.7
34,pevek,100,RU,1581624631,97,-0.06,69.7,170.31,9.01
35,bethel,90,US,1581624631,93,41.0,41.37,-73.41,4.7
36,kincardine,75,GB,1581624632,86,39.2,56.07,-3.72,2.24
37,kodiak,1,US,1581624632,26,33.8,57.79,-152.41,8.05
38,nantucket,90,US,1581624584,93,42.8,41.28,-70.1,8.05
39,fortuna,90,US,1581624633,81,52.0,40.6,-124.16,3.36
40,punta arenas,75,CL,1581624633,48,62.01,-53.15,-70.92,12.75
41,camrose,90,CA,1581624633,73,21.99,53.02,-112.84,11.41
42,maralal,71,KE,1581624634,55,68.18,1.1,36.7,16.06
43,hervey bay,23,AU,1581624634,94,75.0,-25.3,152.85,6.93
44,mar del plata,75,AR,1581624538,94,77.0,-38.0,-57.56,13.87
45,upernavik,0,GL,1581624635,86,-10.95,72.79,-56.15,12.28
46,svetlogorsk,85,BY,1581624635,85,32.97,52.63,29.73,8.57
47,provideniya,75,RU,1581624636,77,6.8,64.38,-173.3,20.13
48,pisco,40,PE,1581624637,30,73.99,-13.7,-76.22,11.41
49,onguday,15,RU,1581624637,47,12.06,50.75,86.15,3.04
50,manadhoo,100,MV,1581624637,77,82.08,5.77,73.38,8.68
51,wendo,65,ET,1581624637,86,52.57,6.6,38.42,5.66
52,bluff,95,NZ,1581624638,80,51.01,-46.6,168.33,5.01
53,volchansk,100,RU,1581624638,96,19.74,59.94,60.08,2.64
54,soledad,20,CO,1581624413,58,91.4,10.92,-74.76,17.22
55,chuy,71,UY,1581624639,68,77.58,-33.7,-53.46,15.23
56,arraial do cabo,40,BR,1581624639,74,80.6,-22.97,-42.03,4.7
57,clyde river,75,CA,1581624639,83,-11.2,70.47,-68.59,11.41
58,zlobin,40,HR,1581624640,76,54.0,45.29,14.65,6.93
59,tasiilaq,100,GL,1581624640,73,21.2,65.61,-37.64,58.61
60,ormara,68,PK,1581624640,44,73.18,25.21,64.64,8.55
61,belmonte,35,BR,1581624641,74,86.0,-15.86,-38.88,6.93
62,new norfolk,75,AU,1581624641,87,61.0,-42.78,147.06,5.82
63,meulaboh,100,ID,1581624641,79,82.13,4.14,96.13,3.76
64,khatanga,100,RU,1581624641,92,10.35,71.97,102.5,16.28
65,athabasca,100,CA,1581624376,88,18.68,54.72,-113.29,4.29
66,carnarvon,0,AU,1581624642,78,73.4,-24.87,113.63,8.05
67,mataura,98,NZ,1581624642,80,51.01,-46.19,168.86,5.01
68,ponta do sol,40,PT,1581624642,77,64.4,32.67,-17.1,4.7
69,saskylakh,100,RU,1581624643,95,5.83,71.92,114.08,8.72
70,davenport,40,US,1581624387,65,12.0,41.52,-90.58,20.8
71,lasa,75,IT,1581624643,48,41.0,46.62,10.7,2.24
72,havre-saint-pierre,1,CA,1581624360,42,8.6,50.23,-63.6,14.99
73,ribeira grande,40,PT,1581624644,88,62.6,38.52,-28.7,20.8
74,cabo san lucas,5,MX,1581624502,49,73.0,22.89,-109.91,8.05
75,east london,0,ZA,1581624645,70,74.75,-33.02,27.91,20.96
76,riyadh,0,SA,1581624406,34,53.6,24.69,46.72,4.7
77,baculin,100,PH,1581624646,95,71.78,7.45,126.58,2.04
78,ayorou,100,NE,1581624646,8,75.76,14.73,0.92,7.7
79,tiksi,11,RU,1581624646,87,-30.41,71.69,128.87,6.13
80,castro,38,BR,1581624646,71,71.89,-24.79,-50.01,4.36
81,chegutu,97,ZW,1581624647,92,66.04,-18.13,30.14,7.4
82,san cristobal,40,VE,1581624410,55,86.0,7.77,-72.22,9.17
83,bubaque,25,GW,1581624647,70,80.2,11.28,-15.83,13.33
84,iqaluit,75,CA,1581624648,67,-22.0,63.75,-68.51,28.86
85,sisophon,0,KH,1581624648,89,74.97,13.59,102.97,5.01
86,anadyr,100,RU,1581624648,56,14.0,64.75,177.48,13.42
87,alice springs,0,AU,1581624367,33,77.0,-23.7,133.88,4.7
88,san luis,47,AR,1581624649,33,79.63,-33.3,-66.34,15.05
89,acapulco,20,MX,1581624398,58,84.2,16.86,-99.89,10.29
90,sibu,75,MY,1581624649,94,75.2,2.3,111.82,2.24
91,salalah,0,OM,1581624650,18,71.6,17.02,54.09,13.87
92,ilulissat,40,GL,1581624650,84,-0.4,69.22,-51.1,2.24
93,ahtopol,0,BG,1581624650,69,45.0,42.1,27.95,3.36
94,buala,100,SB,1581624651,82,80.69,-8.14,159.59,10.65
95,petropavlovsk-kamchatskiy,100,RU,1581624510,66,10.4,53.05,158.65,8.95
96,thinadhoo,50,MV,1581624651,75,82.44,0.53,72.93,8.39
97,sambava,100,MG,1581624651,95,73.35,-14.27,50.17,3.2
98,dunedin,100,NZ,1581624386,74,53.01,-45.87,170.5,8.14
99,pitiquito,0,MX,1581624652,39,69.01,30.7,-112.08,3.0
100,caravelas,6,BR,1581624652,80,80.91,-17.71,-39.25,13.31
101,nhulunbuy,66,AU,1581624653,88,80.6,-12.23,136.77,9.17
102,isangel,20,VU,1581624653,100,77.0,-19.55,169.27,10.58
103,coquimbo,87,CL,1581624653,60,69.8,-29.95,-71.34,17.22
104,pimentel,51,PE,1581624654,29,66.2,-6.84,-79.93,17.22
105,santa marta,20,CO,1581624654,63,91.4,11.24,-74.2,6.93
106,atar,0,MR,1581624655,23,78.87,20.52,-13.05,11.27
107,guerrero negro,6,MX,1581624655,36,68.2,27.98,-114.06,8.61
108,lebu,0,CL,1581624656,43,64.02,-37.62,-73.65,12.19
109,komsomolskiy,90,UZ,1581624656,81,37.4,40.43,71.72,6.93
110,ulagan,0,RU,1581624656,63,5.83,50.63,87.96,6.22
111,hithadhoo,1,MV,1581624657,77,82.72,-0.6,73.08,9.13
112,asfi,100,MA,1581624657,92,54.32,32.3,-9.24,10.96
113,north bend,90,US,1581624657,87,46.99,43.41,-124.22,5.32
114,college,1,US,1581624657,73,-18.99,64.86,-147.8,1.79
115,vaini,20,TO,1581624658,83,78.8,-21.2,-175.2,10.29
116,mount isa,0,AU,1581624658,72,66.2,-20.73,139.5,4.72
117,avarua,100,CK,1581624658,88,80.6,-21.21,-159.78,14.99
118,sidi ali,73,DZ,1581624659,96,50.65,36.1,0.42,0.87
119,kodinsk,7,RU,1581624659,96,-0.4,58.69,99.18,4.52
120,butaritari,100,KI,1581624659,85,82.35,3.07,172.79,20.29
121,akdepe,93,TM,1581624659,39,33.8,42.06,59.38,2.24
122,hualmay,100,PE,1581624660,66,76.14,-11.1,-77.61,10.02
123,srednekolymsk,63,RU,1581624660,93,-34.19,67.45,153.68,3.94
124,bredasdorp,59,ZA,1581624660,82,68.0,-34.53,20.04,5.82
125,abu zabad,0,SD,1581624661,12,66.09,12.35,29.25,11.65
126,tura,73,IN,1581624661,46,58.3,25.52,90.22,1.28
127,souillac,40,MU,1581624662,88,80.01,-20.52,57.52,3.36
128,chokurdakh,100,RU,1581624662,97,-31.13,70.63,147.92,4.92
129,alofi,98,NU,1581624663,94,75.2,-19.06,-169.92,8.05
130,brewster,90,US,1581624663,100,41.0,41.4,-73.62,9.17
131,narsaq,20,GL,1581624664,39,8.6,60.92,-46.05,7.05
132,ostrovnoy,27,RU,1581624664,86,27.34,68.05,39.51,19.15
133,vao,100,NC,1581624664,89,80.82,-22.67,167.48,11.97
134,boa vista,75,BR,1581624664,46,89.6,2.82,-60.67,14.99
135,dikson,100,RU,1581624665,92,21.31,73.51,80.55,22.97
136,hilo,1,US,1581624445,48,82.4,19.73,-155.09,11.41
137,buluang,64,PH,1581624665,93,70.7,13.31,123.34,6.26
138,dombarovskiy,97,RU,1581624666,95,10.44,50.76,59.54,9.37
139,los llanos de aridane,100,ES,1581624667,82,70.0,28.66,-17.92,9.17
140,gat,12,IL,1581624485,87,57.99,31.61,34.76,2.24
141,norman wells,90,CA,1581624667,68,-18.4,65.28,-126.83,20.8
142,whitehorse,90,CA,1581624587,84,10.0,60.72,-135.05,9.17
143,twentynine palms,1,US,1581624542,22,68.0,34.14,-116.05,5.82
144,mayenne,75,FR,1581624668,87,48.2,48.33,-0.67,13.87
145,leningradskiy,98,RU,1581624668,95,0.3,69.38,178.42,7.87
146,poum,15,NC,1581624668,77,80.67,-20.23,164.02,3.2
147,dillon,90,US,1581624669,82,70.0,34.42,-79.37,9.17
148,acarau,100,BR,1581624669,91,76.86,-2.89,-40.12,5.03
149,sulangan,55,PH,1581624669,83,77.88,11.14,123.72,13.15
150,chacabuco,84,AR,1581624670,59,86.0,-34.64,-60.47,4.0
151,leh,60,IN,1581624670,73,1.24,34.17,77.58,8.14
152,poso,100,ID,1581624670,77,67.69,-1.4,120.75,2.1
153,krasnyy,95,RU,1581624671,91,32.49,54.57,31.43,13.35
154,nikolskoye,90,RU,1581624671,96,35.6,59.7,30.79,8.95
155,mahebourg,40,MU,1581624671,88,80.01,-20.41,57.7,3.36
156,fort nelson,90,CA,1581624672,78,8.6,58.81,-122.7,10.29
157,chara,99,RU,1581624672,75,-10.41,56.91,118.26,1.88
158,mayo,90,US,1581624672,100,57.2,38.89,-76.51,4.7
159,damghan,0,IR,1581624673,35,32.74,36.17,54.35,1.54
160,pineville,90,US,1581624673,66,51.01,31.32,-92.43,12.75
161,santa maria,40,BR,1581624673,49,91.4,-29.68,-53.81,8.05
162,torbay,90,CA,1581624674,85,33.01,47.67,-52.73,18.34
163,qaanaaq,0,GL,1581624674,61,-16.37,77.48,-69.36,6.91
164,baruun-urt,100,MN,1581624674,96,-10.08,46.68,113.28,5.53
165,hasaki,75,JP,1581624675,100,48.0,35.73,140.83,1.12
166,yambio,100,SS,1581624675,30,73.87,4.57,28.4,2.77
167,puerto ayora,20,EC,1581624675,55,87.8,-0.74,-90.35,23.04
168,adre,0,TD,1581624676,9,64.02,13.47,22.2,10.87
169,sola,100,VU,1581624676,82,83.19,-13.88,167.55,12.33
170,beihai,92,CN,1581624677,97,67.44,21.48,109.1,1.68
171,marondera,100,ZW,1581624677,96,61.09,-18.19,31.55,7.11
172,kudahuvadhoo,100,MV,1581624677,88,78.96,2.67,72.89,14.12
173,la ronge,75,CA,1581624449,41,1.4,55.1,-105.28,10.29
174,kuching,75,MY,1581624678,94,77.0,1.55,110.33,1.57
175,lavrentiya,100,RU,1581624678,83,-1.34,65.58,-171.0,6.71
176,port alfred,34,ZA,1581624679,97,66.0,-33.59,26.89,8.01
177,airai,90,TL,1581624679,85,66.74,-8.93,125.41,3.4
178,nisko,96,PL,1581624679,69,37.99,50.52,22.14,11.41
179,langsa,100,ID,1581624680,93,75.4,4.47,97.97,2.3
180,sao filipe,6,CV,1581624680,58,74.44,14.9,-24.5,12.28
181,bengkulu,100,ID,1581624680,92,73.58,-3.8,102.27,3.6
182,legnica,100,PL,1581624680,69,41.0,51.21,16.16,11.41
183,kununurra,40,AU,1581624681,94,77.0,-15.77,128.73,9.17
184,hearst,100,CA,1581624680,85,-9.18,49.68,-83.67,5.59
185,richards bay,0,ZA,1581624681,81,77.97,-28.78,32.04,19.35
186,uruzgan,0,AF,1581624681,68,20.97,32.83,66.0,9.17
187,gap,100,FR,1581624682,87,45.0,44.67,6.0,2.28
188,umarkot,0,PK,1581624682,31,69.71,25.36,69.74,9.04
189,constitucion,0,CL,1581624683,51,64.22,-35.33,-72.42,16.98
190,longyearbyen,90,SJ,1581624683,76,-4.0,78.22,15.64,5.82
191,bambous virieux,40,MU,1581624683,88,80.01,-20.34,57.76,3.36
192,ketchikan,90,US,1581624684,100,35.6,55.34,-131.65,1.86
193,the valley,20,AI,1581624575,61,82.4,18.22,-63.06,20.8
194,datong,100,CN,1581624684,55,30.52,40.09,113.29,14.92
195,mahanje,100,TZ,1581624685,98,68.11,-9.93,35.33,7.07
196,villa carlos paz,78,AR,1581624685,61,87.01,-31.42,-64.5,9.17
197,pangody,70,RU,1581624686,96,-0.11,65.85,74.49,12.06
198,simala,20,PH,1581624686,88,77.0,9.97,123.62,3.36
199,ulladulla,75,AU,1581624686,100,69.8,-35.35,150.47,4.7
200,steinbach,90,DE,1581624687,86,44.01,50.17,8.57,5.82
201,pangnirtung,75,CA,1581624687,62,-14.8,66.15,-65.71,3.42
202,saint anthony,1,US,1581624630,44,1.99,45.02,-93.22,9.17
203,beloha,0,MG,1581624687,57,80.6,-25.17,45.05,9.98
204,grindavik,90,IS,1581624688,68,30.2,63.84,-22.43,31.09
205,fortuna foothills,1,US,1581624688,39,66.0,32.66,-114.41,6.93
206,chernyshevskiy,65,RU,1581624689,98,-8.54,63.01,112.47,5.01
207,cherskiy,96,RU,1581624689,96,-25.64,68.75,161.3,6.22
208,iquitos,75,PE,1581624401,100,42.8,-3.75,-73.25,4.7
209,urubicha,100,BO,1581624690,77,79.95,-15.38,-62.95,4.21
210,newport,90,GB,1581624690,87,48.0,51.59,-3.0,13.87
211,auki,90,SB,1581624690,77,83.89,-8.77,160.7,15.9
212,samarinda,100,ID,1581624690,94,73.53,-0.5,117.15,2.19
213,sanlucar la mayor,75,ES,1581624691,63,63.0,37.39,-6.2,5.82
214,cayenne,40,GF,1581624691,70,84.2,4.93,-52.33,13.87
215,ploufragan,90,FR,1581624691,81,50.0,48.49,-2.79,16.11
216,namatanai,100,PG,1581624692,76,82.33,-3.67,152.43,7.7
217,padang,100,ID,1581624692,95,69.28,-0.95,100.35,3.78
218,porto novo,0,BJ,1581624692,51,84.2,6.5,2.6,5.82
219,lata,20,PT,1581624692,93,59.0,40.16,-8.33,3.36
220,henties bay,0,NA,1581624693,93,64.0,-22.12,14.28,4.07
221,quincy,90,US,1581624594,86,39.99,42.25,-71.0,3.36
222,deputatskiy,65,RU,1581624693,91,-27.18,69.3,139.9,2.77
223,adrar,0,MR,1581624693,22,74.64,20.5,-10.07,12.59
224,gainesville,40,US,1581624432,48,87.8,29.65,-82.32,19.46
225,egvekinot,73,RU,1581624694,84,3.76,66.32,-179.17,1.03
226,havre,90,FR,1581624694,81,48.2,49.58,0.33,20.8
227,jumla,0,NP,1581624694,48,34.41,29.27,82.18,5.91
228,zhezkazgan,16,KZ,1581624695,82,6.19,47.8,67.71,5.86
229,geraldton,0,AU,1581624695,83,71.6,-28.77,114.6,4.7
230,yar-sale,96,RU,1581624695,96,11.97,66.83,70.83,8.68
231,esperance,0,AU,1581624696,93,60.8,-33.87,121.9,4.7
232,kaitangata,100,NZ,1581624696,73,54.0,-46.28,169.85,7.18
233,tera,100,NE,1581624696,8,74.14,14.01,0.75,8.03
234,maharajganj,0,IN,1581624697,85,56.37,27.13,83.57,1.61
235,moranbah,0,AU,1581624697,69,80.31,-22.0,148.05,3.15
236,pingliang,99,CN,1581624697,34,22.05,35.54,106.69,12.88
237,mirabad,0,AF,1581624697,28,49.32,30.44,61.84,2.91
238,nueva loja,75,EC,1581624698,62,87.8,0.08,-76.88,3.36
239,pimenta bueno,100,BR,1581624491,86,77.47,-11.67,-61.19,1.21
240,sinnamary,46,GF,1581624698,76,78.98,5.38,-52.95,17.07
241,jiangyou,99,CN,1581624699,82,44.22,31.77,104.72,1.61
242,ratne,86,UA,1581624699,78,32.54,51.67,24.53,8.28
243,arman,100,RU,1581624699,73,3.11,59.7,150.17,12.48
244,saldanha,0,ZA,1581624699,82,68.0,-33.01,17.94,10.29
245,moron,58,AR,1581624412,38,93.99,-34.65,-58.62,14.99
246,husavik,99,IS,1581624700,77,3.2,66.04,-17.34,17.22
247,dolores,33,AR,1581624701,53,79.5,-36.31,-57.68,12.55
248,makakilo city,40,US,1581624701,74,82.0,21.35,-158.09,9.17
249,buraydah,0,SA,1581624701,44,57.2,26.33,43.98,4.7
250,katsuura,20,JP,1581624546,87,51.8,35.13,140.3,4.7
251,maneadero,46,MX,1581624702,66,61.0,31.72,-116.57,1.99
252,edson,90,CA,1581624702,85,19.4,53.58,-116.44,2.24
253,irara,95,BR,1581624703,78,78.82,-12.05,-38.77,8.37
254,tonj,0,SS,1581624703,22,76.69,7.27,28.68,5.55
255,muzhi,97,RU,1581624703,96,3.79,65.37,64.67,2.48
256,karonga,100,MW,1581624703,77,76.55,-9.93,33.93,2.93
257,pong,0,TH,1581624704,60,60.19,19.15,100.28,1.54
258,sao sebastiao,30,BR,1581624704,81,76.8,-23.76,-45.41,16.22
259,killybegs,100,IE,1581624704,93,37.0,54.63,-8.45,3.36
260,port lincoln,100,AU,1581624520,85,66.51,-34.73,135.87,11.86
261,skjervoy,100,NO,1581624705,58,33.8,70.03,20.97,8.05
262,miramar,75,US,1581624642,70,87.01,25.99,-80.23,16.11
263,udachnyy,88,RU,1581624705,84,-2.2,66.42,112.4,2.24
264,parati,40,BR,1581624652,54,84.2,-23.22,-44.71,5.82
265,mogadishu,1,SO,1581624706,79,81.18,2.04,45.34,29.08
266,victoria,40,HK,1581624571,88,69.8,22.29,114.16,11.41
267,kushiro,0,JP,1581624707,85,31.64,42.98,144.37,0.65
268,berlevag,19,NO,1581624707,74,30.2,70.86,29.09,27.51
269,sibolga,100,ID,1581624708,96,70.43,1.74,98.78,2.8
270,hambantota,75,LK,1581624708,100,77.0,6.12,81.12,9.17
271,talnakh,90,RU,1581624708,85,10.4,69.49,88.4,26.84
272,nanortalik,49,GL,1581624708,42,19.38,60.14,-45.24,7.47
273,verkhovazhye,100,RU,1581624709,95,18.54,60.75,42.05,5.82
274,tierralta,76,CO,1581624709,60,86.25,8.17,-76.06,4.5
275,pianco,100,BR,1581624710,70,79.7,-7.2,-37.93,13.91
276,tahoua,100,NE,1581624710,10,68.22,14.89,5.27,9.01
277,kieta,100,PG,1581624710,75,83.07,-6.22,155.63,14.61
278,port elizabeth,90,ZA,1581624710,88,68.0,-33.92,25.57,11.41
279,tomatlan,0,MX,1581624711,28,87.76,19.93,-105.25,6.55
280,tshikapa,100,CD,1581624711,88,73.29,-6.42,20.8,1.74
281,lagoa,100,PT,1581624711,81,62.87,39.05,-27.98,31.59
282,gari,88,RU,1581624712,96,17.53,59.43,62.35,4.32
283,noumea,75,NC,1581624700,94,82.0,-22.28,166.46,2.55
284,herrin,90,US,1581624713,79,26.6,37.8,-89.03,13.87
285,marrakesh,88,MA,1581624696,26,69.8,31.63,-8.01,4.7
286,hellvik,75,NO,1581624713,100,37.0,59.92,5.78,6.93
287,eufaula,90,US,1581624442,87,66.0,31.89,-85.15,11.61
288,den helder,90,NL,1581624510,93,46.0,52.96,4.76,8.05
289,serenje,100,ZM,1581624714,98,64.89,-13.23,30.24,1.3
290,paamiut,66,GL,1581624714,47,7.86,61.99,-49.67,10.07
291,nome,1,US,1581624715,83,-6.0,64.5,-165.41,8.05
292,kavieng,100,PG,1581624715,78,82.47,-2.57,150.8,10.89
293,devarkonda,0,IN,1581624715,39,69.66,16.7,78.93,1.07
294,naruja,90,GE,1581624716,93,35.6,41.91,41.95,9.17
295,vestmannaeyjar,100,IS,1581624716,69,39.7,63.44,-20.27,47.2
296,severo-kurilsk,92,RU,1581624717,91,15.44,50.68,156.12,28.68
297,ekhabi,0,RU,1581624717,89,-12.1,53.51,142.97,12.15
298,aklavik,20,CA,1581624717,74,-23.8,68.22,-135.01,11.41
299,grafton,90,US,1581624495,100,39.2,42.21,-71.69,3.36
300,cockburn town,40,TC,1581624462,61,82.4,21.46,-71.14,13.87
301,fairbanks,1,US,1581624465,73,-18.99,64.84,-147.72,1.23
302,port alberni,75,CA,1581624718,81,48.0,49.24,-124.8,10.29
303,half moon bay,90,US,1581624719,87,60.01,37.46,-122.43,5.82
304,kouango,0,CF,1581624719,24,76.28,4.99,19.96,3.42
305,tilichiki,100,RU,1581624719,93,5.59,60.47,166.1,10.22
306,bria,84,CF,1581624720,24,74.05,6.54,21.99,3.76
307,yangjiang,100,CN,1581624720,75,71.01,21.85,111.97,5.5
308,kruisfontein,69,ZA,1581624720,90,66.99,-34.0,24.73,9.78
309,ozernovskiy,100,RU,1581624721,89,21.9,51.5,156.52,21.77
310,qui nhon,33,VN,1581624721,95,67.66,13.77,109.23,1.25
311,barreirinhas,100,BR,1581624721,92,78.71,-2.75,-42.83,3.44
312,faya,20,SA,1581624722,41,59.0,18.39,42.45,6.93
313,kedougou,0,SN,1581624722,14,83.26,12.56,-12.17,3.85
314,sayyan,18,YE,1581624722,60,46.4,15.17,44.32,3.91
315,ust-ilimsk,79,RU,1581624722,96,0.79,58.0,102.66,5.82
316,chumikan,0,RU,1581624723,91,-9.11,54.72,135.31,8.39
317,santa barbara,20,US,1581624723,63,64.99,34.42,-119.7,5.82
318,rio gallegos,75,AR,1581624458,55,66.2,-51.62,-69.22,20.8
319,hofn,100,IS,1581624724,92,30.43,64.25,-15.21,27.65
320,winchester,20,GB,1581624724,75,46.4,51.07,-1.32,6.93
321,santiago del estero,1,AR,1581624469,38,91.78,-27.8,-64.26,11.81
322,kavaratti,0,IN,1581624725,72,81.41,10.57,72.64,7.18
323,high rock,40,BS,1581624725,74,82.4,26.62,-78.28,16.11
324,narrabri,90,AU,1581624725,82,70.0,-30.32,149.78,12.75
325,flinders,75,AU,1581624725,100,70.0,-34.58,150.86,4.7
326,ewa beach,40,US,1581624726,74,82.0,21.32,-158.01,9.17
327,terney,82,RU,1581624726,94,22.59,45.05,136.61,3.36
328,karratha,0,AU,1581624726,72,82.99,-20.74,116.85,16.71
329,shache,100,CN,1581624727,47,38.12,38.42,77.24,3.22
330,hornepayne,88,CA,1581624727,83,-5.85,49.21,-84.77,4.88
331,palana,100,RU,1581624727,82,16.47,59.12,159.97,3.98
332,mattawa,1,US,1581624727,65,48.99,46.74,-119.9,5.32
333,comrat,18,MD,1581624728,57,35.74,46.3,28.66,3.11
334,sarangani,94,PH,1581624728,83,80.53,5.4,125.46,24.83
335,thompson,20,CA,1581624729,58,-5.8,55.74,-97.86,8.05
336,bonavista,98,CA,1581624729,88,32.0,48.65,-53.11,14.0
337,dingle,90,PH,1581624729,93,72.64,11.0,122.67,9.64
338,masumbwe,91,TZ,1581624729,78,65.28,-3.63,32.18,1.83
339,jinchang,0,CN,1581624730,49,12.47,38.5,102.17,10.18
340,sabha,99,LY,1581624731,13,62.96,27.04,14.43,7.05
341,asosa,25,ET,1581624731,28,72.57,10.07,34.53,5.5
342,cuamba,100,MZ,1581624731,99,66.79,-14.8,36.54,3.56
343,khani,90,GE,1581624731,97,32.0,41.96,42.96,5.82
344,tocopilla,11,CL,1581624732,31,74.14,-22.09,-70.2,10.89
345,katobu,74,ID,1581624732,93,75.47,-4.94,122.53,2.62
346,margate,20,GB,1581624732,81,46.0,51.38,1.39,12.75
347,rocha,95,UY,1581624733,58,78.93,-34.48,-54.33,17.69
348,raudeberg,75,NO,1581624733,86,33.8,61.99,5.14,11.41
349,tim,90,RU,1581624733,86,33.8,51.62,37.12,11.18
350,hounde,0,BF,1581624734,8,75.88,11.5,-3.52,7.02
351,bronnoysund,75,NO,1581624734,80,33.8,65.46,12.2,11.41
352,aksha,0,RU,1581624734,87,-8.88,50.28,113.29,4.5
353,lisakovsk,39,KZ,1581624735,91,0.73,52.54,62.49,9.48
354,druzhba,94,UA,1581624735,92,32.07,52.04,33.95,10.74
355,guider,0,CM,1581624736,14,73.22,9.93,13.95,7.2
356,atambua,92,ID,1581624736,88,74.98,-9.11,124.89,2.59
357,port-cartier,75,CA,1581624736,32,6.8,50.03,-66.87,16.11
358,morant bay,20,JM,1581624737,52,87.8,17.88,-76.41,31.09
359,sorland,40,NO,1581624737,61,32.0,67.67,12.69,20.8
360,haines junction,98,CA,1581624737,91,3.61,60.75,-137.51,5.84
361,sidney,75,AU,1581624442,94,70.0,-33.87,151.21,3.36
362,luderitz,0,NA,1581624738,77,66.2,-26.65,15.16,9.17
363,itaituba,20,BR,1581624738,63,91.4,-4.28,-55.98,5.82
364,maputo,20,MZ,1581624568,83,79.0,-25.97,32.59,6.93
365,southbridge,90,US,1581624549,100,39.2,42.08,-72.03,3.36
366,toktogul,100,KG,1581624739,96,18.46,41.87,72.94,0.92
367,miandrivazo,94,MG,1581624739,84,78.91,-19.52,45.47,2.19
368,cidreira,0,BR,1581624578,79,75.0,-30.18,-50.21,25.26
369,seddon,70,AU,1581624740,94,69.01,-37.81,144.89,5.82
370,haileybury,1,CA,1581624740,57,-7.6,47.45,-79.64,11.41
371,hay river,90,CA,1581624740,84,-2.2,60.82,-115.8,5.82
372,valparaiso,0,CL,1581624646,29,84.2,-33.04,-71.63,21.92
373,keskin,0,TR,1581624741,66,33.01,39.67,33.61,1.01
374,lorengau,97,PG,1581624741,77,83.08,-2.02,147.27,13.62
375,oranjemund,0,NA,1581624741,85,64.54,-28.55,16.43,9.82
376,oda,100,JP,1581624742,90,44.08,35.18,132.5,3.13
377,swellendam,23,ZA,1581624742,82,68.0,-34.02,20.44,5.82
378,saint george,1,US,1581624530,25,52.0,37.1,-113.58,4.7
379,nishihara,75,JP,1581624742,100,73.4,26.18,127.76,13.87
380,kjollefjord,20,NO,1581624743,73,32.0,70.95,27.35,12.75
381,notse,51,TG,1581624743,47,75.36,6.95,1.17,4.0
382,aswan,29,EG,1581624743,28,64.85,24.09,32.91,9.28
383,sinazongwe,98,ZM,1581624743,72,76.78,-17.26,27.46,6.67
384,bykovo,75,RU,1581624744,92,30.2,55.64,38.08,4.47
385,kulhudhuffushi,61,MV,1581624744,76,82.02,6.62,73.07,7.45
386,olovyannaya,0,RU,1581624744,81,-9.74,50.95,115.57,3.22
387,roald,75,NO,1581624745,72,37.0,62.58,6.13,6.93
388,tatarsk,68,RU,1581624745,93,11.82,55.22,75.98,11.52
389,kostino,100,RU,1581624745,90,15.01,58.91,53.27,2.73
390,edea,20,CM,1581624746,83,84.2,3.8,10.13,2.24
391,nemuro,0,JP,1581624746,77,34.23,43.32,145.57,5.06
392,ugoofaaru,100,MV,1581624746,78,80.98,5.67,73.0,9.06
393,seminole,20,US,1581624713,45,89.01,28.71,-81.21,14.99
394,havoysund,20,NO,1581624747,68,32.0,71.0,24.66,12.75
395,pushkinskiye gory,94,RU,1581624747,90,31.57,57.02,28.91,6.62
396,klaksvik,27,FO,1581624747,68,30.2,62.23,-6.59,5.82
397,pestretsy,100,RU,1581624747,67,17.6,55.75,49.65,8.95
398,boueni,98,YT,1581624748,94,80.6,-12.9,45.08,18.07
399,muros,75,ES,1581624748,93,60.01,42.78,-9.06,6.93
400,ellisras,0,ZA,1581624748,68,70.05,-23.66,27.74,0.69
401,bairiki,90,KI,1581624749,83,80.6,1.33,172.98,11.41
402,kahului,20,US,1581624749,58,82.4,20.89,-156.47,4.7
403,hailey,20,US,1581624750,68,30.99,43.52,-114.32,9.17
404,belaya gora,100,RU,1581624727,92,-26.01,68.53,146.42,2.86
405,molteno,1,ZA,1581624750,85,59.07,-31.4,26.36,2.21
406,port blair,0,IN,1581624750,74,78.01,11.67,92.75,8.32
407,creston,1,US,1581624751,100,8.6,41.06,-94.36,14.99
408,ondangwa,77,NA,1581624751,58,82.4,-17.92,15.95,2.24
409,otradnoye,90,RU,1581624751,96,35.6,59.78,30.82,8.95
410,tibiri,0,NE,1581624751,10,65.98,13.56,7.05,10.04
411,belyy yar,100,RU,1581624752,84,3.2,53.6,91.39,1.36
412,mokhsogollokh,100,RU,1581624752,97,-25.28,61.47,128.92,2.93
413,cartagena,20,CO,1581624470,52,91.4,10.4,-75.51,17.22
414,phatthalung,55,TH,1581624752,93,74.26,7.5,100.08,3.15
415,ossora,100,RU,1581624753,94,20.62,59.24,163.07,18.61
416,touba,0,CI,1581624753,16,74.73,8.28,-7.68,1.68
417,ixtapa,5,MX,1581624753,57,75.99,20.7,-105.2,9.17
418,monterey,20,US,1581624753,76,63.0,36.25,-121.25,3.36
419,presidencia roque saenz pena,67,AR,1581624754,40,95.43,-26.79,-60.44,6.31
420,riachao das neves,85,BR,1581624754,71,79.2,-11.75,-44.91,0.81
421,boca do acre,100,BR,1581624754,97,75.69,-8.75,-67.4,3.24
422,san carlos de bariloche,20,AR,1581624537,43,62.6,-41.15,-71.31,24.16
423,umm lajj,0,SA,1581624755,27,65.68,25.02,37.27,4.63
424,nha trang,20,VN,1581624755,100,75.2,12.25,109.18,3.36
425,kaka,70,TM,1581624756,33,45.25,37.35,59.61,4.45
426,medvezhyegorsk,100,RU,1581624756,97,31.46,62.92,34.47,7.63
427,bonnyville,90,CA,1581624756,50,6.8,54.27,-110.73,6.93
428,mahibadhoo,100,MV,1581624757,79,81.57,3.78,72.97,12.86
429,wanning,17,CN,1581624757,92,72.9,18.8,110.4,9.55
430,pochutla,75,MX,1581624758,52,90.0,15.74,-96.47,11.41
431,waingapu,100,ID,1581624758,75,83.17,-9.66,120.26,6.58
432,zalantun,4,CN,1581624758,82,-4.2,48.0,122.72,4.9
433,linxia,68,CN,1581624758,71,17.46,35.6,103.21,3.78
434,clonakilty,20,IE,1581624759,80,41.0,51.62,-8.87,8.05
435,tuatapere,99,NZ,1581624759,80,51.01,-46.13,167.68,5.01
436,ucluelet,75,CA,1581624708,93,46.99,48.93,-125.55,6.93
437,yenagoa,11,NG,1581624759,74,78.28,4.92,6.26,4.79
438,ochamchira,100,GE,1581624760,68,43.77,42.71,41.47,7.23
439,cam ranh,20,VN,1581624760,100,75.2,11.92,109.16,3.36
440,antofagasta,15,CL,1581624565,73,72.0,-23.65,-70.4,18.34
441,ulaangom,24,MN,1581624760,83,-6.2,49.98,92.07,2.75
442,bukachacha,1,RU,1581624726,87,-12.14,52.98,116.92,2.04
443,bhabua,0,IN,1581624761,68,60.55,25.05,83.62,5.41
444,sebinkarahisar,79,TR,1581624761,90,6.87,40.29,38.42,3.22
445,svetlyy,40,RU,1581624762,80,35.6,54.67,20.13,6.71
446,itarema,100,BR,1581624762,91,76.86,-2.92,-39.92,5.03
447,mago,0,RU,1581624762,86,-11.9,53.25,140.18,4.5
448,warwick,90,US,1581624763,100,41.0,41.7,-71.42,6.93
449,dondo,20,MZ,1581624763,78,82.4,-19.61,34.74,9.17
450,walvis bay,0,NA,1581624743,88,64.4,-22.96,14.51,4.7
451,harrisburg,90,US,1581624763,75,48.0,40.27,-76.88,9.17
452,grand forks,1,US,1581624543,53,-2.0,47.93,-97.03,4.7
453,eydhafushi,75,MV,1581624764,77,82.15,5.1,73.07,10.47
454,corinto,20,GR,1581624668,81,54.0,37.94,22.96,4.76
455,xining,93,CN,1581624765,85,12.74,36.62,101.77,5.79
456,hovd,0,MN,1581624765,78,-0.56,48.01,91.64,0.94
457,vila velha,100,BR,1581624765,83,80.01,-20.33,-40.29,5.82
458,hohhot,20,CN,1581624766,62,19.4,40.81,111.65,13.42
459,gbarnga,30,LR,1581624766,37,74.43,7.0,-9.47,3.51
460,vilhena,75,BR,1581624571,74,82.4,-12.74,-60.15,8.05
461,kichera,93,RU,1581624767,96,-10.68,55.94,110.1,1.5
462,touros,40,BR,1581624767,94,75.2,-5.2,-35.46,3.36
463,forestville,90,US,1581624510,87,55.99,38.85,-76.88,5.82
464,saint-leu,98,RE,1581624767,78,80.6,-21.15,55.28,5.82
465,okhansk,40,RU,1581624768,85,17.6,57.72,55.39,4.47
466,muisne,75,EC,1581624768,83,82.4,0.6,-80.03,4.7
467,roblin,0,CA,1581624768,85,-6.52,51.23,-101.36,7.94
468,cap malheureux,40,MU,1581624769,88,80.01,-19.98,57.61,3.36
469,port hardy,75,CA,1581624658,87,42.8,50.7,-127.42,6.93
470,egyek,81,HU,1581624769,80,35.6,47.63,20.9,6.93
471,omsukchan,100,RU,1581624770,100,-21.64,62.53,155.8,8.25
472,tromso,75,NO,1581624770,87,32.0,69.65,18.96,18.34
473,gravdal,40,NO,1581624770,79,32.0,68.12,13.5,6.93
474,laranjeiras do sul,0,BR,1581624770,66,79.12,-25.41,-52.42,2.42
475,mendota,1,US,1581624771,34,66.99,36.75,-120.38,4.7
476,anloga,30,GH,1581624771,48,86.0,5.79,0.9,3.36
477,avera,90,US,1581624771,93,66.2,33.19,-82.53,8.05
478,buribay,86,RU,1581624772,88,4.39,51.96,58.16,4.52
479,neustadt,90,DE,1581624772,100,39.2,49.71,12.09,6.93
480,aulnoye-aymeries,75,FR,1581624772,87,46.99,50.2,3.84,17.22
481,aleksandrovka,15,UA,1581624773,80,35.01,46.84,32.76,8.95
482,ayan,0,RU,1581624773,71,-15.57,56.45,138.17,10.27
483,kloulklubed,100,PW,1581624773,77,81.61,7.04,134.26,22.53
484,lardos,83,GR,1581624774,67,60.01,36.09,28.02,4.7
485,tommot,100,RU,1581624725,92,1.04,58.96,126.29,11.3
486,imbituba,75,BR,1581624774,65,78.8,-28.24,-48.67,11.41
487,khuzhir,100,RU,1581624774,95,6.28,53.19,107.34,6.53
488,remedios,75,CU,1581624775,55,87.8,22.49,-79.55,8.05
489,nampa,1,US,1581624700,42,52.0,43.54,-116.56,6.93
490,ekibastuz,14,KZ,1581624775,76,13.89,51.67,75.37,20.89
491,lecce,75,IT,1581624775,81,55.4,40.22,18.17,8.05
492,storsteinnes,75,NO,1581624776,57,32.0,69.24,19.23,18.34
493,baykalsk,0,RU,1581624777,66,1.6,51.51,104.15,5.53
494,zyryanka,73,RU,1581624777,87,-27.81,65.75,150.85,7.31
495,mzimba,100,MW,1581624777,94,64.0,-11.9,33.6,7.61
496,mercedes,86,AR,1581624778,49,90.0,-34.65,-59.43,4.0
497,brae,82,GB,1581624778,93,41.0,60.4,-1.35,6.93
498,tazovskiy,94,RU,1581624778,93,4.33,67.47,78.7,11.3
499,bat yam,0,IL,1581624778,87,57.99,32.02,34.75,2.24
500,nouakchott,0,MR,1581624763,11,86.0,18.09,-15.98,9.17
501,neyshabur,0,IR,1581624779,40,34.21,36.21,58.8,3.22
502,zirandaro,0,MX,1581624779,18,103.15,18.45,-100.98,0.65
503,portland,90,US,1581624607,100,42.01,45.52,-122.68,2.89
504,olbia,36,IT,1581624481,82,51.73,40.92,9.49,6.55
505,winslow,1,US,1581624680,55,50.0,35.02,-110.7,5.82
506,san andres,20,CO,1581624657,66,86.0,12.58,-81.7,16.11
507,fukue,90,JP,1581624781,87,55.4,32.69,128.84,3.36
508,okhotsk,100,RU,1581624781,89,-3.75,59.38,143.3,9.13
509,baillif,75,GP,1581624781,58,82.4,16.02,-61.75,17.22
510,urusha,99,RU,1581624782,85,-8.27,54.05,122.9,2.57
511,dali,1,CN,1581624782,87,36.19,25.7,100.18,2.53
512,urumqi,0,CN,1581624783,78,12.2,43.8,87.6,4.47
513,puerto del rosario,100,ES,1581624783,93,66.2,28.5,-13.86,8.05
514,mocuba,62,MZ,1581624783,94,71.38,-16.84,36.99,0.78
515,gimli,0,CA,1581624725,63,-6.0,50.63,-96.99,5.99
516,usinsk,100,RU,1581624784,96,11.55,65.99,57.53,10.07
517,manicaragua,75,CU,1581624784,55,87.8,22.15,-79.97,8.05
518,winnemucca,1,US,1581624784,39,46.0,40.97,-117.74,4.7
519,jishou,32,CN,1581624785,96,53.91,28.32,109.72,1.16
520,aguadilla,1,PR,1581624785,68,87.01,18.43,-67.15,24.16
521,rawson,0,AR,1581624785,56,64.31,-43.3,-65.1,19.46
522,sakata,100,JP,1581624786,98,41.4,38.92,139.85,6.51
